1,Thilak Traders,45749,INV-41353,20,,3958.4,0
2,Thilak Traders,45749,INV-41355,,2,3958.4,7916.8
3,Thilak Traders,45752,INV-41769,30,,3958.4,0
4,Thilak Traders,45752,INV-41770,,3,3958.4,11875.2
5,Thilak Traders,45753,INV-42010,30,,3958.4,0
6,Thilak Traders,45753,INV-42011,,3,3958.4,11875.2
7,Thilak Traders,45756,INV-42346,20,,3958.4,0
8,Thilak Traders,45756,INV-42347,,2,3958.4,7916.8
9,Thilak Traders,45757,INV-42548,30,,3958.4,0
10,Thilak Traders,45757,INV-42550,,3,3958.4,11875.2
11,Thilak Traders,45758,INV-42709,20,,3958.4,0
12,Thilak Traders,45758,INV-42711,,2,3958.4,7916.8
13,Ever Taste Product - Pasyala,45752,INV-41848,20,,3958.4,0
14,Ever Taste Product - Pasyala,45752,INV-41849,,2,3958.4,7916.8
15,Ever Taste Product - Pasyala,45756,INV-42310,30,,3958.4,0
16,Ever Taste Product - Pasyala,45756,INV-42311,,3,3958.4,11875.2
17,Ever Taste Product - Pasyala,45756,INV-42322,20,,3958.4,0
18,Ever Taste Product - Pasyala,45756,INV-42323,,2,3958.4,7916.8
1,Thilak Traders,45763,INV-42778,50,,3958.4,0
2,Thilak Traders,45763,INV-42779,,5,3958.4,19792
3,Thilak Traders,45768,INV-43111,20,,3958.4,0
4,Thilak Traders,45768,INV-43112,,2,3958.4,7916.8
5,Thilak Traders,45770,INV-43376,30,,3958.4,0
6,Thilak Traders,45770,INV-43377,,3,3958.4,11875.2
7,Thilak Traders,45771,INV-43602,10,,3958.4,0
8,Thilak Traders,45771,INV-43606,,1,3958.4,3958.4
9,Thilak Traders,45773,INV-43847,30,,3958.4,0
10,Thilak Traders,45773,INV-43848,,3,3958.4,11875.2
11,Thilak Traders,45775,INV-44003,20,,3958.4,0
12,Thilak Traders,45775,INV-44006,,2,3958.4,7916.8
13,Thilak Traders,45776,INV-44128,10,,3958.4,0
14,Thilak Traders,45776,INV-44131,,1,3958.4,3958.4
15,Ever Taste Product - Pasyala,45763,INV-42805,50,,3958.4,0
16,Ever Taste Product - Pasyala,45763,INV-42810,,5,3958.4,19792
17,Ever Taste Product - Pasyala,45764,INV-42901,10,,3958.4,0
18,Ever Taste Product - Pasyala,45764,INV-42903,,1,3958.4,3958.4
19,Ever Taste Product - Pasyala,45768,INV-43159,30,,3958.4,0
20,Ever Taste Product - Pasyala,45768,INV-43160,,3,3958.4,11875.2
21,Ever Taste Product - Pasyala,45773,INV-43798,10,,3958.4,0
22,Ever Taste Product - Pasyala,45773,INV-43799,,1,3958.4,3958.4
23,Ever Taste Product - Pasyala,45777,INV-44254,20,,3958.4,0
24,Ever Taste Product - Pasyala,45777,INV-44252,,2,3958.4,7916.8
1,Thilak Traders,45780,INV-44485,20,,3958.4,0
2,Thilak Traders,45780,INV-44486,,2,3958.4,7916.8
3,Thilak Traders,45782,INV-44610,30,,3958.4,0
4,Thilak Traders,45782,INV-44612,,3,3958.4,11875.2
5,Thilak Traders,45784,INV-44913,20,,3958.4,0
6,Thilak Traders,45784,INV-44914,,2,3958.4,7916.8
7,Thilak Traders,45787,INV-45319,60,,3958.4,0
8,Thilak Traders,45787,INV-45321,,6,3958.4,23750.4
9,Thilak Traders,45791,INV-45472,20,,3958.4,0
10,Thilak Traders,45791,INV-45476,,2,3958.4,7916.8
11,Ever Taste Product - Pasyala,45780,INV-44528,30,,3958.4,0
12,Ever Taste Product - Pasyala,45780,INV-44524,,3,3958.4,11875.2
13,Ever Taste Product - Pasyala,45785,INV-45004,30,,3958.4,0
14,Ever Taste Product - Pasyala,45785,INV-45006,,3,3958.4,11875.2
15,Ever Taste Product - Pasyala,45787,INV-45200,40,,3958.4,0
16,Ever Taste Product - Pasyala,45787,INV-45202,,4,3958.4,15833.6
17,Ever Taste Product - Pasyala,45791,INV-45470,20,,3958.4,0
18,Ever Taste Product - Pasyala,45791,INV-45471,,2,3958.4,7916.8
1,Thilak Traders,45793,INV-45689,10,,3958.4,0
2,Thilak Traders,45793,INV-45693,,1,3958.4,3958.4
3,Thilak Traders,45793,INV-45830,10,,3958.4,0
4,Thilak Traders,45793,INV-45831,,1,3958.4,3958.4
5,Thilak Traders,45796,INV-45989,20,,3958.4,0
6,Thilak Traders,45796,INV-45991,,2,3958.4,7916.8
7,Thilak Traders,45799,INV-46430,40,,3958.4,0
8,Thilak Traders,45799,INV-46432,,4,3958.4,15833.6
9,Thilak Traders,45800,INV-46636,10,,3958.4,0
10,Thilak Traders,45800,INV-46637,,1,3958.4,3958.4
11,Thilak Traders,45801,INV-46758,10,,3958.4,0
12,Thilak Traders,45801,INV-46759,,1,3958.4,3958.4
13,Thilak Traders,45803,INV-46808,20,,3958.4,0
14,Thilak Traders,45803,INV-46809,,2,3958.4,7916.8
15,Thilak Traders,45806,INV-47180,40,,3958.4,0
16,Thilak Traders,45806,INV-47181,,4,3958.4,15833.6
17,Thilak Traders,45808,INV-47606,30,,3958.4,0
18,Thilak Traders,45808,INV-47607,,3,3958.4,11875.2
19,Ever Taste Product - Pasyala,45796,INV-46020,30,,3958.4,0
20,Ever Taste Product - Pasyala,45796,INV-46023,,3,3958.4,11875.2
21,Ever Taste Product - Pasyala,45798,INV-46353,20,,3958.4,0
22,Ever Taste Product - Pasyala,45798,INV-46356,,2,3958.4,7916.8
23,Ever Taste Product - Pasyala,45798,INV-46366,20,,3958.4,0
24,Ever Taste Product - Pasyala,45798,INV-46368,,2,3958.4,7916.8
25,Ever Taste Product - Pasyala,45801,INV-46723,40,,3958.4,0
26,Ever Taste Product - Pasyala,45801,INV-46724,,4,3958.4,15833.6
27,Ever Taste Product - Pasyala,45805,INV-47111,30,,3958.4,0
28,Ever Taste Product - Pasyala,45805,INV-47113,,3,3958.4,11875.2
29,Ever Taste Product - Pasyala,45808,INV-47471,50,,3958.4,0
30,Ever Taste Product - Pasyala,45808,INV-47474,,5,3958.4,19792
1,Thilak Traders,45810,INV-47642,20,,3958.4,0
2,Thilak Traders,45810,INV-47643,,2,3958.4,7916.8
3,Thilak Traders,45812,INV-47931,20,,3958.4,0
4,Thilak Traders,45812,INV-47932,,2,3958.4,7916.8
5,Thilak Traders,45813,INV-48163,20,,3958.4,0
6,Thilak Traders,45813,INV-48164,,2,3958.4,7916.8
7,Thilak Traders,45815,INV-48336,20,,3958.4,0
8,Thilak Traders,45815,INV-48339,,2,3958.4,7916.8
9,Thilak Traders,45817,INV-48427,20,,3958.4,0
10,Thilak Traders,45817,INV-48428,,2,3958.4,7916.8
11,Thilak Traders,45819,INV-48534,10,,3958.4,0
12,Thilak Traders,45819,INV-48535,,1,3958.4,3958.4
13,Thilak Traders,45821,INV-48664,20,,3958.4,0
14,Thilak Traders,45821,INV-48665,,2,3958.4,7916.8
15,Thilak Traders,45822,INV-48760,30,,3958.4,0
16,Thilak Traders,45822,INV-48761,,3,3958.4,11875.2
17,Ever Taste Product - Pasyala,45812,INV-48013,40,,3958.4,0
18,Ever Taste Product - Pasyala,45812,INV-48018,,4,3958.4,15833.6
19,Ever Taste Product - Pasyala,45815,INV-48337,50,,3958.4,0
20,Ever Taste Product - Pasyala,45815,INV-48335,,5,3958.4,19792
21,Ever Taste Product - Pasyala,45820,INV-48595,20,,3958.4,0
22,Ever Taste Product - Pasyala,45820,INV-48596,,2,3958.4,7916.8
1,Thilak Traders,45825,INV-48920,40,,3958.4,0
2,Thilak Traders,45825,INV-48921,,4,3958.4,15833.6
3,Thilak Traders,45828,INV-49157,40,,3958.4,0
4,Thilak Traders,45828,INV-49158,,4,3958.4,15833.6
5,Thilak Traders,45833,INV-49417,40,,3958.4,0
6,Thilak Traders,45833,INV-49418,,4,3958.4,15833.6
7,Thilak Traders,45834,INV-49510,30,,3958.4,0
8,Thilak Traders,45834,INV-49511,,3,3958.4,11875.2
9,Thilak Traders,45836,INV-49713,20,,3958.4,0
10,Thilak Traders,45836,INV-49715,,2,3958.4,7916.8
11,Thilak Traders,45838,INV-49850,20,,3958.4,0
12,Thilak Traders,45838,INV-49852,,2,3958.4,7916.8
13,Ever Taste Product - Pasyala,45824,INV-48804,60,,3958.4,0
14,Ever Taste Product - Pasyala,45824,INV-48802,,6,3958.4,23750.4
15,Ever Taste Product - Pasyala,45826,INV-49055,20,,3958.4,0
16,Ever Taste Product - Pasyala,45826,INV-49054,,2,3958.4,7916.8
17,Ever Taste Product - Pasyala,45829,INV-49237,50,,3958.4,0
18,Ever Taste Product - Pasyala,45829,INV-49236,,5,3958.4,19792
19,Ever Taste Product - Pasyala,45833,INV-49396,60,,3958.4,0
20,Ever Taste Product - Pasyala,45833,INV-49397,,6,3958.4,23750.4
21,Ever Taste Product - Pasyala,45836,INV-49782,70,,3958.4,0
22,Ever Taste Product - Pasyala,45836,INV-49783,,7,3958.4,27708.8
1,Thilak Traders,45841,INV-50271,40,,3958.4,0
2,Thilak Traders,45841,INV-50272,,4,3958.4,15833.6
3,Thilak Traders,45842,INV-50327,10,,3958.4,0
4,Thilak Traders,45842,INV-50329,,1,3958.4,3958.4
5,Thilak Traders,45843,INV-50578,10,,3958.4,0
6,Thilak Traders,45843,INV-50579,,1,3958.4,3958.4
7,Thilak Traders,45845,INV-50717,20,,3958.4,0
8,Thilak Traders,45845,INV-50719,,2,3958.4,7916.8
9,Thilak Traders,45849,INV-51183,30,,3958.4,0
10,Thilak Traders,45849,INV-51184,,3,3958.4,11875.2
11,Thilak Traders,45850,INV-51360,10,,3958.4,0
12,Thilak Traders,45850,INV-51361,,1,3958.4,3958.4
13,Thilak Traders,45852,INV-51426,20,,3958.4,0
14,Thilak Traders,45852,INV-51427,,2,3958.4,7916.8
15,Ever Taste Product - Pasyala,45840,INV-50166,70,,3958.4,0
16,Ever Taste Product - Pasyala,45840,INV-50162,,7,3958.4,27708.8
17,Ever Taste Product - Pasyala,45843,INV-50564,40,,3958.4,0
18,Ever Taste Product - Pasyala,45843,INV-50568,,4,3958.4,15833.6
19,Ever Taste Product - Pasyala,45847,INV-51083,60,,3958.4,0
20,Ever Taste Product - Pasyala,45847,INV-51081,,6,3958.4,23750.4
21,Ever Taste Product - Pasyala,45850,INV-51350,21,,3958.4,0
22,Ever Taste Product - Pasyala,45850,INV-51353,,2,3958.4,7916.8
23,BGID Gunasekara (Ruhunu H/W),45840,INV-50071,40,,3958.4,0
24,BGID Gunasekara (Ruhunu H/W),45840,INV-50073,,4,3958.4,15833.6
25,BGID Gunasekara (Ruhunu H/W),45843,INV-50511,20,,3958.4,0
26,BGID Gunasekara (Ruhunu H/W),45843,INV-50513,,2,3958.4,7916.8
27,BGID Gunasekara (Ruhunu H/W),45847,INV-50986,30,,3958.4,0
28,BGID Gunasekara (Ruhunu H/W),45847,INV-50987,,3,3958.4,11875.2
29,BGID Gunasekara (Ruhunu H/W),45849,INV-51161,20,,3958.4,0
30,BGID Gunasekara (Ruhunu H/W),45849,INV-51162,,2,3958.4,7916.8
31,BGID Gunasekara (Ruhunu H/W),45850,INV-51312,10,,3958.4,0
32,BGID Gunasekara (Ruhunu H/W),45850,INV-51313,,1,3958.4,3958.4
33,Ceylon Steel Trading Company,45841,INV-50197,30,,3958.4,0
34,Ceylon Steel Trading Company,45841,INV-50199,,3,3958.4,11875.2
35,Ceylon Steel Trading Company,45846,INV-50787,10,,3958.4,0
36,Ceylon Steel Trading Company,45846,INV-50788,,1,3958.4,3958.4
1,Thilak Traders,45855,INV-51919,30,,3958.4,0
2,Thilak Traders,45855,INV-51920,,3,3958.4,11875.2
3,Thilak Traders,45856,INV-51970,10,,3958.4,0
4,Thilak Traders,45856,INV-51971,,1,3958.4,3958.4
5,Thilak Traders,45857,INV-52080,20,,3958.4,0
6,Thilak Traders,45857,INV-52081,,2,3958.4,7916.8
7,Thilak Traders,45859,INV-52169,10,,3958.4,0
8,Thilak Traders,45859,INV-52170,,1,3958.4,3958.4
9,Thilak Traders,45862,INV-52401,20,,3958.4,0
10,Thilak Traders,45862,INV-52402,,2,3958.4,7916.8
11,Thilak Traders,45863,INV-52460,20,,3958.4,0
12,Thilak Traders,45863,INV-52461,,2,3958.4,7916.8
13,Thilak Traders,45866,INV-52666,30,,3958.4,0
14,Thilak Traders,45866,INV-52667,,3,3958.4,11875.2
15,Thilak Traders,45867,INV-52763,20,,3958.4,0
16,Thilak Traders,45867,INV-52764,,2,3958.4,7916.8
17,Thilak Traders,45869,INV-52858,20,,3958.4,0
18,Thilak Traders,45869,INV-52859,,2,3958.4,7916.8
19,Ever Taste Product - Pasyala,45854,INV-51770,50,,3958.4,0
20,Ever Taste Product - Pasyala,45854,INV-51772,,5,3958.4,19792
21,Ever Taste Product - Pasyala,45857,INV-52074,30,,3958.4,0
22,Ever Taste Product - Pasyala,45857,INV-52073,,3,3958.4,11875.2
23,Ever Taste Product - Pasyala,45861,INV-52358,50,,3958.4,0
24,Ever Taste Product - Pasyala,45861,INV-52359,,5,3958.4,19792
25,Ever Taste Product - Pasyala,45864,INV-52591,30,,3958.4,0
26,Ever Taste Product - Pasyala,45864,INV-52590,,3,3958.4,11875.2
27,Ever Taste Product - Pasyala,45868,INV-52812,50,,3958.4,0
28,Ever Taste Product - Pasyala,45868,INV-52819,,5,3958.4,19792
29,BGID Gunasekara (Ruhunu H/W),45854,INV-51700,30,,3958.4,0
30,BGID Gunasekara (Ruhunu H/W),45854,INV-51701,,3,3958.4,11875.2
31,BGID Gunasekara (Ruhunu H/W),45855,INV-51843,20,,3958.4,0
32,BGID Gunasekara (Ruhunu H/W),45855,INV-51845,,2,3958.4,7916.8
33,BGID Gunasekara (Ruhunu H/W),45861,INV-52329,30,,3958.4,0
34,BGID Gunasekara (Ruhunu H/W),45861,INV-52330,,3,3958.4,11875.2
35,BGID Gunasekara (Ruhunu H/W),45862,INV-52430,30,,3958.4,0
36,BGID Gunasekara (Ruhunu H/W),45862,INV-52431,,3,3958.4,11875.2
37,BGID Gunasekara (Ruhunu H/W),45867,INV-52716,40,,3958.4,0
38,BGID Gunasekara (Ruhunu H/W),45867,INV-52718,,4,3958.4,15833.6
39,Ceylon Steel Trading Company,45861,INV-52366,20,,3958.4,0
40,Ceylon Steel Trading Company,45861,INV-52367,,2,3958.4,7916.8
41,Ceylon Steel Trading Company,45869,INV-52851,20,,3958.4,0
42,Ceylon Steel Trading Company,45869,INV-52852,,2,3958.4,7916.8
1,Thilak Traders,45870,INV-52918,10,,3958.4,0
2,Thilak Traders,45870,INV-52920,,1,3958.4,3958.4
3,Thilak Traders,45873,INV-53034,40,,3958.4,0
4,Thilak Traders,45873,INV-53035,,4,3958.4,15833.6
5,Thilak Traders,45874,INV-53149,20,,3958.4,0
6,Thilak Traders,45874,INV-53150,,2,3958.4,7916.8
7,Thilak Traders,45875,INV-53404,10,,3958.4,0
8,Thilak Traders,45875,INV-53406,,1,3958.4,3958.4
9,Thilak Traders,45878,INV-53685,20,,3958.4,0
10,Thilak Traders,45878,INV-53686,,2,3958.4,7916.8
11,Thilak Traders,45880,INV-53836,20,,3958.4,0
12,Thilak Traders,45880,INV-53838,,2,3958.4,7916.8
13,Thilak Traders,45881,INV-53978,10,,3958.4,0
14,Thilak Traders,45881,INV-53980,,1,3958.4,3958.4
15,Thilak Traders,45883,INV-54304,20,,3958.4,0
16,Thilak Traders,45883,INV-54305,,2,3958.4,7916.8
17,Thilak Traders,45884,INV-54494,10,,3958.4,0
18,Thilak Traders,45884,INV-54495,,1,3958.4,3958.4
19,Ever Taste Product - Pasyala,45873,INV-53040,70,,3958.4,0
20,Ever Taste Product - Pasyala,45873,INV-53041,,7,3958.4,27708.8
21,Ever Taste Product - Pasyala,45876,INV-53550,50,,3958.4,0
22,Ever Taste Product - Pasyala,45876,INV-53551,,5,3958.4,19792
23,Ever Taste Product - Pasyala,45878,INV-53769,50,,3958.4,0
24,Ever Taste Product - Pasyala,45878,INV-53771,,4,3958.4,15833.6
25,Ever Taste Product - Pasyala,45878,INV-53779,,1,3958.4,3958.4
26,Ever Taste Product - Pasyala,45880,INV-53919,20,,3958.4,0
27,Ever Taste Product - Pasyala,45880,INV-53921,,2,3958.4,7916.8
28,Ever Taste Product - Pasyala,45882,INV-54214,30,,3958.4,0
29,Ever Taste Product - Pasyala,45882,INV-54219,,3,3958.4,11875.2
30,BGID Gunasekara (Ruhunu H/W),45870,INV-52937,30,,3958.4,0
31,BGID Gunasekara (Ruhunu H/W),45870,INV-52940,,3,3958.4,11875.2
32,BGID Gunasekara (Ruhunu H/W),45874,INV-53186,30,,3958.4,0
33,BGID Gunasekara (Ruhunu H/W),45874,INV-53188,,3,3958.4,11875.2
34,BGID Gunasekara (Ruhunu H/W),45876,INV-53506,30,,3958.4,0
35,BGID Gunasekara (Ruhunu H/W),45876,INV-53509,,3,3958.4,11875.2
36,BGID Gunasekara (Ruhunu H/W),45878,INV-53730,30,,3958.4,0
37,BGID Gunasekara (Ruhunu H/W),45878,INV-53732,,3,3958.4,11875.2
38,BGID Gunasekara (Ruhunu H/W),45882,INV-54144,30,,3958.4,0
39,BGID Gunasekara (Ruhunu H/W),45882,INV-54147,,3,3958.4,11875.2
1,Thilak Traders,45887,INV-54598,30,,3958.4,0
2,Thilak Traders,45887,INV-54600,,3,3958.4,11875.2
3,Thilak Traders,45888,INV-54683,10,,3958.4,0
4,Thilak Traders,45888,INV-54684,,1,3958.4,3958.4
5,Thilak Traders,45890,INV-54862,20,,3958.4,0
6,Thilak Traders,45890,INV-54865,,2,3958.4,7916.8
7,Thilak Traders,45891,INV-55026,10,,3958.4,0
8,Thilak Traders,45891,INV-55028,,1,3958.4,3958.4
9,Thilak Traders,45894,INV-55264,30,,3958.4,0
10,Thilak Traders,45894,INV-55265,,3,3958.4,11875.2
11,Thilak Traders,45895,INV-55473,20,,3958.4,0
12,Thilak Traders,45895,INV-55474,,2,3958.4,7916.8
13,Thilak Traders,45897,INV-55747,20,,3958.4,0
14,Thilak Traders,45897,INV-55748,,2,3958.4,7916.8
15,Thilak Traders,45898,INV-55866,10,,3958.4,0
16,Thilak Traders,45898,INV-55867,,1,3958.4,3958.4
17,Ever Taste Product - Pasyala,45888,INV-54658,60,,3958.4,0
18,Ever Taste Product - Pasyala,45888,INV-54657,,6,3958.4,23750.4
19,Ever Taste Product - Pasyala,45889,INV-54747,30,,3958.4,0
20,Ever Taste Product - Pasyala,45889,INV-54746,,3,3958.4,11875.2
21,Ever Taste Product - Pasyala,45892,INV-55086,40,,3958.4,0
22,Ever Taste Product - Pasyala,45892,INV-55085,,4,3958.4,15833.6
23,Ever Taste Product - Pasyala,45894,INV-55349,50,,3958.4,0
24,Ever Taste Product - Pasyala,45894,INV-55347,,5,3958.4,19792
25,Ever Taste Product - Pasyala,45896,INV-55614,30,,3958.4,0
26,Ever Taste Product - Pasyala,45896,INV-55616,,3,3958.4,11875.2
27,Ever Taste Product - Pasyala,45899,INV-56006,20,,3958.4,0
28,Ever Taste Product - Pasyala,45899,INV-56003,,2,3958.4,7916.8
29,BGID Gunasekara (Ruhunu H/W),45887,INV-54608,30,,3958.4,0
30,BGID Gunasekara (Ruhunu H/W),45887,INV-54612,,3,3958.4,11875.2
31,BGID Gunasekara (Ruhunu H/W),45889,INV-54734,20,,3958.4,0
32,BGID Gunasekara (Ruhunu H/W),45889,INV-54733,,2,3958.4,7916.8
33,BGID Gunasekara (Ruhunu H/W),45892,INV-55162,30,,3958.4,0
34,BGID Gunasekara (Ruhunu H/W),45892,INV-55165,,3,3958.4,11875.2
35,BGID Gunasekara (Ruhunu H/W),45896,INV-55542,40,,3958.4,0
36,BGID Gunasekara (Ruhunu H/W),45896,INV-55549,,4,3958.4,15833.6
1,Thilak Traders,45901,INV-56117,30,,3958.4,0
2,Thilak Traders,45901,INV-56120,,3,3958.4,11875.2
3,Thilak Traders,45902,INV-56334,30,,3958.4,0
4,Thilak Traders,45902,INV-56335,,3,3958.4,11875.2
5,Thilak Traders,45904,INV-56619,20,,3958.4,0
6,Thilak Traders,45904,INV-56620,,2,3958.4,7916.8
7,Thilak Traders,45908,INV-56858,20,,3958.4,0
8,Thilak Traders,45908,INV-56859,,2,3958.4,7916.8
9,Thilak Traders,45909,INV-57099,10,,3958.4,0
10,Thilak Traders,45909,INV-57100,,1,3958.4,3958.4
11,Thilak Traders,45911,INV-57313,20,,3958.4,0
12,Thilak Traders,45911,INV-57315,,2,3958.4,7916.8
13,Thilak Traders,45912,INV-57526,10,,3958.4,0
14,Thilak Traders,45912,INV-57528,,1,3958.4,3958.4
15,Thilak Traders,45915,INV-57680,20,,3958.4,0
16,Thilak Traders,45915,INV-57681,,2,3958.4,7916.8
17,Ever Taste Product - Pasyala,45903,INV-56417,50,,3958.4,0
18,Ever Taste Product - Pasyala,45903,INV-56419,,5,3958.4,19792
19,Ever Taste Product - Pasyala,45906,INV-56780,50,,3958.4,0
20,Ever Taste Product - Pasyala,45906,INV-56781,,5,3958.4,19792
21,Ever Taste Product - Pasyala,45908,INV-56917,30,,3958.4,0
22,Ever Taste Product - Pasyala,45908,INV-56922,,3,3958.4,11875.2
23,Ever Taste Product - Pasyala,45910,INV-57255,30,,3958.4,0
24,Ever Taste Product - Pasyala,45910,INV-57257,,3,3958.4,11875.2
25,Ever Taste Product - Pasyala,45913,INV-57632,50,,3958.4,0
26,Ever Taste Product - Pasyala,45913,INV-57633,,5,3958.4,19792
27,BGID Gunasekara (Ruhunu H/W),45901,INV-56141,40,,3958.4,0
28,BGID Gunasekara (Ruhunu H/W),45901,INV-56145,,4,3958.4,15833.6
29,BGID Gunasekara (Ruhunu H/W),45904,INV-56611,30,,3958.4,0
30,BGID Gunasekara (Ruhunu H/W),45904,INV-56613,,3,3958.4,11875.2
31,BGID Gunasekara (Ruhunu H/W),45908,INV-56948,30,,3958.4,0
32,BGID Gunasekara (Ruhunu H/W),45908,INV-56950,,3,3958.4,11875.2
33,BGID Gunasekara (Ruhunu H/W),45910,INV-57180,30,,3958.4,0
34,BGID Gunasekara (Ruhunu H/W),45910,INV-57183,,3,3958.4,11875.2
35,BGID Gunasekara (Ruhunu H/W),45913,INV-57567,30,,3958.4,0
36,BGID Gunasekara (Ruhunu H/W),45913,INV-57572,,3,3958.4,11875.2
1,Thilak Traders,45916,INV-57904,10,,3958.4,0
2,Thilak Traders,45916,INV-57906,,1,3958.4,3958.4
3,Thilak Traders,45918,INV-58074,20,,3958.4,0
4,Thilak Traders,45918,INV-58075,,2,3958.4,7916.8
5,Thilak Traders,45919,INV-58265,10,,3958.4,0
6,Thilak Traders,45919,INV-58266,,1,3958.4,3958.4
7,Thilak Traders,45922,INV-58469,20,,3958.4,0
8,Thilak Traders,45922,INV-58471,,2,3958.4,7916.8
9,Thilak Traders,45923,INV-58624,10,,3958.4,0
10,Thilak Traders,45923,INV-58626,,1,3958.4,3958.4
11,Thilak Traders,45925,INV-58910,20,,3958.4,0
12,Thilak Traders,45925,INV-58911,,2,3958.4,7916.8
13,Thilak Traders,45926,INV-59124,10,,3958.4,0
14,Thilak Traders,45926,INV-59125,,1,3958.4,3958.4
15,Thilak Traders,45929,INV-59266,30,,3958.4,0
16,Thilak Traders,45929,INV-59267,,3,3958.4,11875.2
17,Ever Taste Product - Pasyala,45917,INV-58019,40,,3958.4,0
18,Ever Taste Product - Pasyala,45917,INV-58021,,4,3958.4,15833.6
19,Ever Taste Product - Pasyala,45920,INV-59398,50,,3958.4,0
20,Ever Taste Product - Pasyala,45920,INV-59399,,5,3958.4,19792
21,Ever Taste Product - Pasyala,45924,INV-58848,40,,3958.4,0
22,Ever Taste Product - Pasyala,45924,INV-58851,,4,3958.4,15833.6
23,Ever Taste Product - Pasyala,45929,INV-59323,50,,3958.4,0
24,Ever Taste Product - Pasyala,45929,INV-59325,,5,3958.4,19792
25,BGID Gunasekara (Ruhunu H/W),45917,INV-57950,30,,3958.4,0
26,BGID Gunasekara (Ruhunu H/W),45917,INV-57951,,3,3958.4,11875.2
27,BGID Gunasekara (Ruhunu H/W),45920,INV-58373,30,,3958.4,0
28,BGID Gunasekara (Ruhunu H/W),45920,INV-58375,,3,3958.4,11875.2
29,BGID Gunasekara (Ruhunu H/W),45923,INV-58738,30,,3958.4,0
30,BGID Gunasekara (Ruhunu H/W),45923,INV-58739,,3,3958.4,11875.2
31,BGID Gunasekara (Ruhunu H/W),45927,INV-59231,20,,3958.4,0
32,BGID Gunasekara (Ruhunu H/W),45927,INV-59234,,2,3958.4,7916.8
33,BGID Gunasekara (Ruhunu H/W),45930,INV-59525,30,,3958.4,0
34,BGID Gunasekara (Ruhunu H/W),45930,INV-59526,,3,3958.4,11875.2
1,Thilak Traders,45932,INV-59760,30,,3958.4,0
2,Thilak Traders,45932,INV-59761,,3,3958.4,11875.2
3,Thilak Traders,45937,INV-60199,40,,3958.4,0
4,Thilak Traders,45937,INV-60200,,4,3958.4,15833.6
5,Thilak Traders,45939,INV-60525,20,,3958.4,0
6,Thilak Traders,45939,INV-60527,,2,3958.4,7916.8
7,Thilak Traders,45940,INV-60618,10,,3958.4,0
8,Thilak Traders,45940,INV-60620,,1,3958.4,3958.4
9,Thilak Traders,45943,INV-60877,30,,3958.4,0
10,Thilak Traders,45943,INV-60879,,3,3958.4,11875.2
11,Thilak Traders,45944,INV-61092,10,,3958.4,0
12,Thilak Traders,45944,INV-61093,,1,3958.4,3958.4
13,Ever Taste Product - Pasyala,45932,INV-59733,50,,3958.4,0
14,Ever Taste Product - Pasyala,45932,INV-59734,,5,3958.4,19792
15,Ever Taste Product - Pasyala,45934,INV-59987,20,,3958.4,0
16,Ever Taste Product - Pasyala,45934,INV-59989,,2,3958.4,7916.8
17,Ever Taste Product - Pasyala,45938,INV-60258,50,,3958.4,0
18,Ever Taste Product - Pasyala,45938,INV-60263,,5,3958.4,19792
19,Ever Taste Product - Pasyala,45941,INV-60833,40,,3958.4,0
20,Ever Taste Product - Pasyala,45941,INV-60832,,4,3958.4,15833.6
21,Ever Taste Product - Pasyala,45945,INV-61251,40,,3958.4,0
22,Ever Taste Product - Pasyala,45945,INV-61249,,4,3958.4,15833.6
23,BGID Gunasekara (Ruhunu H/W),45934,INV-60011,20,,3958.4,0
24,BGID Gunasekara (Ruhunu H/W),45934,INV-60012,,2,3958.4,7916.8
25,BGID Gunasekara (Ruhunu H/W),45937,INV-60148,30,,3958.4,0
26,BGID Gunasekara (Ruhunu H/W),45937,INV-60149,,3,3958.4,11875.2
27,BGID Gunasekara (Ruhunu H/W),45941,INV-60770,30,,3958.4,0
28,BGID Gunasekara (Ruhunu H/W),45941,INV-60764,,3,3958.4,11875.2
29,BGID Gunasekara (Ruhunu H/W),45943,INV-60897,40,,3958.4,0
30,BGID Gunasekara (Ruhunu H/W),45943,INV-60898,,4,3958.4,15833.6
1,Thilak Traders,45947,INV-61467,30,,3958.4,0
2,Thilak Traders,45947,INV-61468,,3,3958.4,11875.2
3,Thilak Traders,45950,INV-61692,20,,3958.4,0
4,Thilak Traders,45950,INV-61693,,2,3958.4,7916.8
5,Thilak Traders,45951,INV-61869,10,,3958.4,0
6,Thilak Traders,45951,INV-61870,,1,3958.4,3958.4
7,Thilak Traders,45954,INV-62227,40,,3958.4,0
8,Thilak Traders,45954,INV-62228,,4,3958.4,15833.6
9,Thilak Traders,45957,INV-62551,40,,3958.4,0
10,Thilak Traders,45957,INV-62552,,4,3958.4,15833.6
11,Thilak Traders,45960,INV-62976,20,,3958.4,0
12,Thilak Traders,45960,INV-62978,,2,3958.4,7916.8
13,Thilak Traders,45961,INV-63113,10,,3958.4,0
14,Thilak Traders,45961,INV-63114,,1,3958.4,3958.4
15,Ever Taste Product - Pasyala,45948,INV-61634,40,,3958.4,0
16,Ever Taste Product - Pasyala,45948,INV-61635,,4,3958.4,15833.6
17,Ever Taste Product - Pasyala,45952,INV-61990,40,,3958.4,0
18,Ever Taste Product - Pasyala,45952,INV-61992,,4,3958.4,15833.6
19,Ever Taste Product - Pasyala,45955,INV-62402,40,,3958.4,0
20,Ever Taste Product - Pasyala,45955,INV-62408,,4,3958.4,15833.6
21,Ever Taste Product - Pasyala,45957,INV-62504,50,,3958.4,0
22,Ever Taste Product - Pasyala,45957,INV-62505,,5,3958.4,19792
23,Ever Taste Product - Pasyala,45959,INV-62903,30,,3958.4,0
24,Ever Taste Product - Pasyala,45959,INV-62906,,3,3958.4,11875.2
25,Ever Taste Product - Pasyala,45961,INV-63214,30,,3958.4,0
26,Ever Taste Product - Pasyala,45961,INV-63216,,3,3958.4,11875.2
27,Ever Taste Product - Pasyala,45961,INV-63262,20,,3958.4,0
28,Ever Taste Product - Pasyala,45961,INV-63263,,2,3958.4,7916.8
29,BGID Gunasekara (Ruhunu H/W),45946,INV-61328,30,,3958.4,0
30,BGID Gunasekara (Ruhunu H/W),45946,INV-61329,,3,3958.4,11875.2
31,BGID Gunasekara (Ruhunu H/W),45950,INV-61716,30,,3958.4,0
32,BGID Gunasekara (Ruhunu H/W),45950,INV-61719,,3,3958.4,11875.2
33,BGID Gunasekara (Ruhunu H/W),45952,INV-61973,20,,3958.4,0
34,BGID Gunasekara (Ruhunu H/W),45952,INV-61978,,2,3958.4,7916.8
35,BGID Gunasekara (Ruhunu H/W),45955,INV-62366,20,,3958.4,0
36,BGID Gunasekara (Ruhunu H/W),45955,INV-62370,,2,3958.4,7916.8
37,BGID Gunasekara (Ruhunu H/W),45958,INV-62722,30,,3958.4,0
38,BGID Gunasekara (Ruhunu H/W),45958,INV-62723,,3,3958.4,11875.2
39,BGID Gunasekara (Ruhunu H/W),45959,INV-62826,20,,3958.4,0
40,BGID Gunasekara (Ruhunu H/W),45959,INV-62832,,2,3958.4,7916.8
41,BGID Gunasekara (Ruhunu H/W),45961,INV-63190,10,,3958.4,0
42,BGID Gunasekara (Ruhunu H/W),45961,INV-63191,,1,3958.4,3958.4
